{
  "source_file": "data/processed/anilist_anime_data_processed_v1.csv",
  "encoded_feature_count": 67,
  "top_correlations": {
    "popularity": {
      "favourites": 0.9346449861216501,
      "trending": 0.63866889207899,
      "popularity_quarter_bucket_top_75_100": 0.5559295555433993,
      "popularity_quarter_pct": 0.5103731026152759,
      "prequel_popularity_mean": 0.46973763144799136,
      "averageScore": 0.45014042591078246,
      "format_TV": 0.4105985074532414,
      "meanScore": 0.39640638158573877,
      "source_LIGHT_NOVEL": 0.279567853189791,
      "has_sequel": 0.24732100445451136,
      "season_nan": -0.22489945077269932,
      "source_MANGA": 0.19537801487653586,
      "popularity_quarter_bucket_cold_0_25": -0.19451176330590877,
      "popularity_quarter_bucket_warm_25_50": -0.18879168780587616,
      "startDate_day": -0.15626271402933375,
      "startDate_year": 0.15296214828796295,
      "seasonYear": 0.1529367822712092,
      "release_year": 0.1529367822712092,
      "source_ORIGINAL": -0.147539817096735,
      "popularity_quarter_bucket_hot_50_75": -0.14137219564102024,
      "prequel_meanScore_mean": 0.14035773970026194,
      "format_MUSIC": -0.1332494716624861,
      "source_nan": -0.118583007312301,
      "duration": 0.10864561496913078,
      "countryOfOrigin_JP": 0.10552451893556476
    },
    "meanScore": {
      "averageScore": 0.9793958985440959,
      "popularity_quarter_pct": 0.6524033385908141,
      "popularity_quarter_bucket_cold_0_25": -0.46930428279427727,
      "popularity_quarter_bucket_top_75_100": 0.46629043938236336,
      "popularity": 0.39640638158573877,
      "favourites": 0.35975703370022866,
      "trending": 0.3420633637231522,
      "format_TV": 0.32760489731392023,
      "season_nan": -0.30816996383021555,
      "prequel_meanScore_mean": 0.29870420481956667,
      "startDate_year": 0.2881915054485384,
      "seasonYear": 0.28819058897936284,
      "release_year": 0.2881905889793626,
      "popularity_quarter_bucket_nan": -0.27301827617567404,
      "split_pre_release_effective_holdout_unknown": -0.27301827617567404,
      "split_pre_release_unknown": -0.27301827617567404,
      "is_model_split": 0.273018276175673,
      "source_MANGA": 0.2657181826007251,
      "has_sequel": 0.2559087910268839,
      "duration": 0.23748213324608353,
      "source_ORIGINAL": -0.23432909612022573,
      "prequel_count": 0.22652478704149895,
      "is_sequel": 0.2237679711986218,
      "split_pre_release_effective_test": 0.21755907312380232,
      "split_pre_release_test": 0.21755907312380232
    }
  }
}