{
  "generated_at_utc": "2026-04-23T08:32:08.980843+00:00",
  "rows_raw": 20324,
  "rows_processed": 20324,
  "coverage": {
    "description_missing_ratio": 0.05840385750836449,
    "coverImage_medium_missing_ratio": 0.0,
    "trailer_id_missing_ratio": 0.6314701830348357,
    "studios_missing_ratio": 0.0,
    "genres_missing_ratio": 0.0
  },
  "snapshot_control": {
    "corr_release_year_vs_popularity_raw": 0.1529367822712231,
    "corr_release_year_vs_popularity_quarter_pct": -0.046774356538458246,
    "absolute_corr_reduction": 0.10616242573276485
  },
  "rq1_retrieval_proxy": {
    "metadata_relation_coverage": {
      "studios_available_ratio": 1.0,
      "genres_available_ratio": 1.0,
      "studios_non_empty_ratio": 0.8137669750049203,
      "genres_non_empty_ratio": 0.8686282227907892
    },
    "split_distribution": {
      "train": 13376,
      "test": 3087,
      "val": 2918,
      "holdout_unknown": 943
    },
    "popularity_bucket_balance_by_split": {
      "test": {
        "cold_0_25": 0.24813735017816652,
        "hot_50_75": 0.2491091674765144,
        "top_75_100": 0.2520246193715581,
        "warm_25_50": 0.25072886297376096
      },
      "train": {
        "cold_0_25": 0.24222488038277512,
        "hot_50_75": 0.24686004784688995,
        "top_75_100": 0.258747009569378,
        "warm_25_50": 0.25216806220095694
      },
      "val": {
        "cold_0_25": 0.24777244688142563,
        "hot_50_75": 0.24982864976010966,
        "top_75_100": 0.25119945167923236,
        "warm_25_50": 0.25119945167923236
      }
    }
  },
  "rq2_multimodal_proxy": {
    "multimodal_source_coverage": {
      "text_description_available_ratio": 0.9415961424916355,
      "image_cover_available_ratio": 1.0,
      "trailer_id_available_ratio": 0.3685298169651643
    },
    "multimodal_coverage_by_split": {
      "holdout_unknown": {
        "text_description_available_ratio": 0.9066808059384942,
        "image_cover_available_ratio": 1.0,
        "trailer_id_available_ratio": 0.2046659597030753
      },
      "test": {
        "text_description_available_ratio": 0.9115646258503401,
        "image_cover_available_ratio": 1.0,
        "trailer_id_available_ratio": 0.7719468739876904
      },
      "train": {
        "text_description_available_ratio": 0.9586572966507177,
        "image_cover_available_ratio": 1.0,
        "trailer_id_available_ratio": 0.21680622009569378
      },
      "val": {
        "text_description_available_ratio": 0.9064427690198766,
        "image_cover_available_ratio": 1.0,
        "trailer_id_available_ratio": 0.6901987662782728
      }
    }
  }
}